Tasks/TerminationRate/t=2,Inference/Loss,policy/dLoss,Evaluation/Iteration,Tasks/EpisodeLength/t=2,Evaluation/AverageDiscountedReturn,policy/LossAfter,policy/EntRewards,Tasks/EpisodeLength/t=3,Inference/dLoss,policy/Encoder/dLoss,policy/Encoder/LossBefore,policy/Encoder/KLBefore,Evaluation/SuccessRate,Evaluation/TerminationRate,policy/Encoder/Entropy,Inference/RRSE,Inference/RMSE,TotalEnvSteps,policy/EntReturns,Tasks/TerminationRate/t=1,Tasks/EpisodeLength/t=1,Tasks/EpisodeLength/t=0,policy/Encoder/KL,policy/Encoder/LossAfter,Evaluation/StdReturn,policy/KL,Evaluation/MinReturn,LinearMultiFeatureBaseline/ExplainedVariance,policy/KLBefore,Inference/CrossEntropy,Evaluation/NumEpisodes,policy/Entropy,Tasks/TerminationRate/t=3,Tasks/TerminationRate/t=0,policy/LossBefore,Evaluation/AverageReturn,Evaluation/MaxReturn
0.0,0.540718,0.0010118736,0,100.0,-261.36180936987967,-0.012283631,-0.06481121176626624,100.0,0.03934753,-3.1376648,-59.873924,0.0,0.0,0.0,0.04858833,1.9931829,0.65164506,4100,-4.055182817620334,0.0,100.0,100.0,0.0156437,-56.73626,145.95657495412226,0.015756568,-713.4355385303497,-7.453561479131565e-08,0.014326075,1.3598574,41,3.060215558307927,0.0,0.0,-0.011271757,-445.011805029904,-148.54068863391876
0.0,0.763996,0.0004868284,1,100.0,-255.20435274005163,-0.025763582,-0.07600157290128269,100.0,0.021589756,1.309309,13.295499,0.0,0.023809523809523808,0.023809523809523808,0.015399173,0.8902786,0.35606846,8239,-4.8159719669796175,0.0,100.0,94.45454545454545,0.0035389115,11.98619,135.29448464154706,0.046522822,-731.5997586250305,0.4786225094066835,0.044662837,1.5489259,42,2.9497401810521864,0.0,0.09090909090909091,-0.025276754,-434.4072605690786,-49.098020523786545
0.0,0.6567178,0.00047115982,2,100.0,-251.80156835661168,-0.01931911,-0.08433499903213687,100.0,0.022500515,1.1466675,-19.372799,0.0,0.0,0.0,0.06955695,0.9030039,0.34508425,12339,-5.498602541825818,0.0,100.0,100.0,0.0027766514,-20.519466,123.17222040047719,0.025537666,-682.0317692756653,0.4271713412439673,0.024122369,1.7708392,41,3.2475645483993905,0.0,0.0,-0.01884795,-427.06429519740544,-167.92346042394638
0.0,1.0236306,0.00034737308,3,100.0,-232.33020046103942,-0.010367831,-0.08610985632349805,100.0,0.014344811,0.064323425,-71.53421,0.0,0.0,0.0,0.08814855,0.8500543,0.38341686,16439,-5.574233743062138,0.0,100.0,100.0,0.005738528,-71.59853,91.61373800763926,0.010667156,-663.687338590622,0.3301304372467916,0.009742898,1.797132,41,3.300784346417683,0.0,0.0,-0.010020458,-385.83577777263594,-191.3538138270378
0.0,0.6998457,0.0004940182,4,100.0,-220.2432527836892,-0.03282802,-0.08203295539065106,100.0,0.016976357,-3.400055,-81.120926,0.0,0.0,0.0,0.07233951,0.76606625,0.34217635,20539,-5.427462548342049,0.0,100.0,100.0,0.0038227336,-77.72087,100.48556473554804,0.04625382,-540.1026854515076,0.10915061195738895,0.045324657,1.716796,41,3.435753144054878,0.0,0.0,-0.032334004,-363.3671249238456,-168.3844223022461
0.0,0.71152717,0.0008472763,5,100.0,-214.10728508934136,-0.020769287,-0.07893218354481023,100.0,0.014184773,-0.20612335,-74.402885,0.0,0.0,0.0,0.09765539,0.7186354,0.34630734,24639,-5.17604010597114,0.0,100.0,100.0,0.0022826986,-74.19676,96.69049107623171,0.021559319,-559.8828423023224,0.3442525927462805,0.019711418,1.6692988,41,3.5140470179115852,0.0,0.0,-0.01992201,-353.0265231793974,-195.38170605897903
0.0,0.9958854,0.0006190669,6,100.0,-194.8528948722771,-0.023842009,-0.09331907537652225,100.0,0.022649527,-6.415184,-116.70826,0.0,0.0,0.0,0.1529077,0.7681314,0.39685082,28739,-6.165568262488534,0.0,100.0,100.0,0.0054629766,-110.293076,91.13593432104302,0.028230874,-538.3186266422272,0.31751510067650335,0.027121773,1.9493517,41,3.5838729039634147,0.0,0.0,-0.023222942,-318.79935581291596,-171.3593913912773
0.0,1.0152475,0.0006201044,7,100.0,-185.9874246084055,-0.032884367,-0.07980127133974214,100.0,0.019415379,10.523712,-166.23772,0.0,0.0,0.0,0.2384521,0.7193432,0.4162051,32839,-5.28070283300076,0.0,100.0,100.0,0.0035425292,-176.76143,84.12604757010703,0.04007635,-489.5077290534973,-0.5639022333267978,0.038279887,1.6634665,41,3.608892911585366,0.0,0.0,-0.032264262,-306.4573223590851,-164.33141547441483
0.1,0.7576931,0.00011937879,8,94.6,-179.4948377336905,-0.0106195435,-0.07169138402550032,100.0,0.014221907,6.858124,-183.6865,0.0,0.023809523809523808,0.023809523809523808,0.19933644,0.7171299,0.37159118,36985,-4.7945909772469975,0.0,100.0,100.0,0.010089322,-190.54462,114.72825328268384,0.0071806693,-583.263947725296,0.050937451303937786,0.006935371,1.504538,42,3.819777816720936,0.0,0.0,-0.010500165,-290.9238796011057,-63.99811196513474
0.0,0.7195727,0.00065480825,9,100.0,-175.53853062810288,-0.013828651,-0.06824101391725423,100.0,0.01304251,-5.1427765,-211.17091,0.0,0.0,0.0,0.19905724,0.6121964,0.32575592,41085,-4.540952404123686,0.0,100.0,100.0,0.016639289,-206.02814,102.51024437468493,0.010680567,-524.2096836566925,0.5169268144124282,0.009529616,1.4391416,41,3.7409375,0.0,0.0,-0.013173843,-287.3039667639064,-145.30643570423126
0.0,0.5037386,0.0004886789,10,100.0,-163.14155760883276,-0.012877532,-0.05888964915784394,100.0,0.014546692,23.04219,-190.41666,0.0,0.0,0.0,0.1559227,0.5663307,0.30278328,45185,-3.8936291587453695,0.0,100.0,100.0,0.007601702,-213.45885,77.74137668307512,0.010469276,-413.0895528793335,0.15327507517209804,0.0100087505,1.2599878,41,3.7495622141768292,0.0,0.0,-0.012388853,-265.0217158808941,-133.6392840743065
0.0,0.5500772,2.2323802e-05,11,100.0,-156.72668200188878,-0.021083295,-0.06199712669984534,100.0,0.012325525,-6.0705414,-178.2851,0.0,0.023809523809523808,0.023809523809523808,0.16184525,0.5569153,0.32584393,49331,-4.135668461978412,0.0,100.0,94.6,0.0048347344,-172.21455,84.87964596883388,0.016134348,-446.45285725593567,-0.2671930345667741,0.016051542,1.2938244,42,3.8310129963368307,0.0,0.1,-0.021060972,-252.46627880952187,-76.65705375373363
0.45454545454545453,0.5619776,0.00042623468,12,69.36363636363636,-142.55865074153175,-0.01801538,-0.06355524239218238,100.0,0.01473701,-12.606575,-105.36674,0.0,0.1111111111111111,0.1111111111111111,0.08490847,0.65979224,0.35600752,53494,-4.439670791671375,0.0,100.0,100.0,0.006544845,-92.76016,95.63693034211309,0.008709596,-392.2963628768921,0.24786056429716619,0.008519067,1.2309706,45,3.6206358470454,0.0,0.0,-0.017589144,-227.3620305111011,-33.80309036374092
0.0,0.5621006,0.0003158506,13,100.0,-148.54731269702182,-0.016396547,-0.06706898339382074,98.0909090909091,0.011833429,-26.70211,-138.9839,0.0,0.047619047619047616,0.047619047619047616,0.1298895,0.5564441,0.32040644,57614,-4.442799607665677,0.0,100.0,94.63636363636364,0.013503906,-112.28179,82.62454032560025,0.0056004925,-509.14644265174866,0.1705480270770242,0.0054849717,1.386479,42,3.6252064528974515,0.09090909090909091,0.09090909090909091,-0.016080696,-236.71633492623056,-61.03765743970871
0.3,0.54070634,0.00046610087,14,80.1,-135.02210351432302,-0.029702527,-0.06052891826852527,99.0,0.015785277,-0.1605835,-114.80047,0.0,0.11363636363636363,0.11363636363636363,0.09596002,0.6214268,0.36290792,61759,-4.2473514417316665,0.0,100.0,96.46153846153847,0.022078643,-114.639885,75.22508494034186,0.042737458,-338.2544803619385,-0.031453963667236184,0.041489653,1.2125267,44,3.440709109243064,0.1,0.07692307692307693,-0.029236427,-214.21439302695745,-33.77305480837822
0.09090909090909091,0.48721913,0.0002436135,15,93.54545454545455,-134.427793370368,-0.024151322,-0.06080529209330148,94.8,0.01075083,-6.421921,-115.22062,0.0,0.11363636363636363,0.11363636363636363,0.13836914,0.5833422,0.33334708,65923,-4.310564173577319,0.0,100.0,88.7,0.006197802,-108.7987,79.35963474018627,0.010189811,-434.4442582130432,0.28074632227893725,0.009659044,1.2170949,44,3.4443272600714456,0.2,0.2,-0.023907708,-210.87652885304257,-33.60745143890381
0.07692307692307693,0.39101002,0.00012280606,16,94.61538461538461,-126.4245374392251,-0.025464073,-0.05624683032815827,89.27272727272727,0.009305328,-19.369904,-173.61636,0.0,0.11363636363636363,0.11363636363636363,0.1406568,0.5221613,0.30893505,70064,-4.074974279524895,0.0,100.0,92.9,0.005840662,-154.24646,70.36018603362308,0.03058231,-327.5831768512726,0.3051320951476013,0.030260464,1.1333226,44,3.4131875792381066,0.2727272727272727,0.1,-0.025341267,-199.13413865127686,-33.85810910910368
0.2,0.38018864,0.00038634613,17,86.2,-120.24236215758657,-0.018505897,-0.060334516911951734,100.0,0.009625614,-15.087036,-111.50064,0.0,0.1111111111111111,0.1111111111111111,0.13201052,0.5227267,0.32601845,74253,-4.283562525030618,0.0,100.0,85.58333333333333,0.010693085,-96.413605,78.5041559927469,0.019070487,-373.857027053833,0.23957405456469982,0.018494729,1.1694554,45,3.303841720876104,0.0,0.25,-0.018119551,-189.7652002354463,-34.98980542272329
0.4,0.310685,0.00018505752,18,72.7,-103.86547058978503,-0.07494764,-0.054167547446115086,85.35714285714286,0.008464217,-2.0223312,-109.9183,0.0,0.2653061224489796,0.2653061224489796,0.12386787,0.62718993,0.36834624,78362,-4.32821684917981,0.0,100.0,75.92307692307692,0.0063567823,-107.895966,82.06317550624445,0.017701063,-311.0227506160736,-0.023054489746720197,0.017555615,0.95756036,49,3.482635297517644,0.2857142857142857,0.38461538461538464,-0.07476258,-157.69515364518276,-33.82909406721592
0.16666666666666666,0.31107676,0.00067598023,19,88.16666666666667,-117.07508931620775,-0.0033724948,-0.05146057085588756,96.9,0.008825928,9.197968,-156.7646,0.0,0.1111111111111111,0.1111111111111111,0.16403459,0.469981,0.29941183,82555,-3.741576333206311,0.0,100.0,86.6,0.00370752,-165.96257,67.16519681043675,0.019085623,-316.4022378921509,0.22072245341003172,0.019105364,1.0241908,45,3.2635959486048174,0.1,0.2,-0.0026965146,-182.52356839254497,-33.72685123234987
0.08333333333333333,0.24937922,0.00046513788,20,94.08333333333333,-120.86807351956591,-0.025145475,-0.05533329007977789,95.54545454545455,0.007650465,-4.6605988,-178.60176,0.0,0.046511627906976744,0.046511627906976744,0.21145585,0.41907477,0.2714562,86735,-3.806334439418464,0.0,100.0,100.0,0.014216152,-173.94116,64.96730017043929,0.027378283,-373.6636657714844,0.3368028827039483,0.02711409,1.1264848,43,3.047453461423445,0.09090909090909091,0.0,-0.024680337,-192.50308637823477,-34.31609112024307
0.18181818181818182,0.291022,0.00039473176,21,87.0909090909091,-108.36513478223189,-0.046508577,-0.05886391397851337,97.53846153846153,0.011251122,-11.022446,-180.52728,0.0,0.19148936170212766,0.19148936170212766,0.1325265,0.60301125,0.36280814,90894,-4.344795637689984,0.1,96.6,74.38461538461539,0.008021903,-169.50484,70.22843275170449,0.017510299,-303.682279586792,0.13828791687589126,0.017262055,1.0964942,47,3.3897595012322674,0.07692307692307693,0.38461538461538464,-0.046113845,-168.56987383961678,-33.78515166044235
0.4,0.22914438,0.00034596398,22,72.5,-99.710268200385,-0.027400367,-0.05169089571162487,90.54545454545455,0.008189425,-1.1221313,-112.67704,0.0,0.22448979591836735,0.22448979591836735,0.15879901,0.5867833,0.35509717,95070,-4.120885669243904,0.0,100.0,77.0,0.008425245,-111.55491,76.45744329050072,0.025065621,-341.4116187095642,0.22334655411587978,0.024195472,0.91377145,49,3.2760882030501675,0.18181818181818182,0.3333333333333333,-0.027054403,-153.4986033167462,-34.00534204393625
0.18181818181818182,0.2321838,0.0006254837,23,87.81818181818181,-100.24471958039778,-0.055333238,-0.05246716029808672,82.4,0.0061900318,-3.2188873,-202.86166,0.0,0.13333333333333333,0.13333333333333333,0.24881136,0.4602645,0.29917508,99260,-3.79382412077409,0.0,100.0,100.0,0.0071237953,-199.64278,50.120238102255655,0.021602593,-304.174729347229,0.07046035513402293,0.01997429,1.0288749,45,3.2123671502088307,0.4,0.0,-0.054707754,-152.94477320632174,-33.95959071815014
0.3333333333333333,0.18973754,0.00040371343,24,77.4,-89.08547444754687,-0.053687483,-0.051417833153897044,75.75,0.006888613,-14.760208,-197.78322,0.0,0.26,0.26,0.183796,0.5871895,0.3616801,103426,-4.214261575402347,0.0,100.0,79.6,0.009911079,-183.02301,65.10095352947496,0.022703918,-274.0182408094406,0.37294350857780467,0.022134053,0.90397835,50,3.5054027394383103,0.4166666666666667,0.3,-0.05328377,-132.66433308899403,-33.99500698596239
0.46153846153846156,0.2262315,0.000618143,25,70.0,-82.05519152931289,-0.020997683,-0.05462154404209681,86.06666666666666,0.0072175115,4.7413177,-146.9561,0.0,0.36538461538461536,0.36538461538461536,0.18396121,0.63600814,0.37835544,107554,-4.508826720198826,0.18181818181818182,98.54545454545455,64.84615384615384,0.005366782,-151.69742,59.35815192818848,0.01362336,-233.8626708984375,0.07068822198737912,0.013012552,0.9075876,52,3.771630102349806,0.26666666666666666,0.5384615384615384,-0.02037954,-118.56159735213106,-33.810037687420845
0.4166666666666667,0.22897527,0.00046147266,26,72.16666666666667,-76.59294348766792,0.0052110716,-0.05119125137982646,87.0,0.0059046596,22.180176,-171.05722,0.0,0.33962264150943394,0.33962264150943394,0.18877077,0.6290418,0.37768713,111742,-4.352979363894576,0.23076923076923078,89.0,67.64285714285714,0.0074411724,-193.2374,50.60844815031956,0.016812013,-193.882295191288,-0.13290099691760204,0.016170308,0.85202044,53,3.814753928635387,0.21428571428571427,0.5,0.0056725442,-109.97613376969437,-33.99958398938179
0.2727272727272727,0.33280322,0.0005780719,27,81.0909090909091,-83.06375975987991,-0.038724396,-0.051211817217529036,90.0,0.006399274,20.103165,-231.01605,0.0,0.22916666666666666,0.22916666666666666,0.2983271,0.5120762,0.341978,115877,-4.049483343147429,0.07692307692307693,98.07692307692308,75.23076923076923,0.015615133,-251.11922,49.24695374440472,0.022567997,-200.83349335193634,0.12520043945529857,0.023355637,0.95014894,48,3.7203146255290207,0.18181818181818182,0.38461538461538464,-0.038146324,-121.21471480567318,-33.63696834445
0.6,0.23308328,0.0009542182,28,64.8,-74.9901130300298,-0.06947196,-0.049936949014446584,80.0,0.00533475,-20.700546,-266.62723,0.0,0.41509433962264153,0.41509433962264153,0.2792995,0.5783542,0.3758721,119995,-4.336112250731915,0.21428571428571427,93.71428571428571,73.38461538461539,0.0031005568,-245.92668,55.245904269484974,0.011410835,-210.8068231344223,0.17536342306900254,0.010425029,0.83094203,53,3.89664800494779,0.45454545454545453,0.38461538461538464,-0.068517745,-106.4492649594849,-34.404867231845856
0.5714285714285714,0.21104874,0.00016856194,29,71.71428571428571,-66.43389864985402,-0.096474156,-0.04866168434857342,79.05882352941177,0.0062392205,-2.8440247,-254.94391,0.0,0.5263157894736842,0.5263157894736842,0.26832813,0.6194733,0.39020148,124167,-4.46737698491161,0.5,85.16666666666667,57.285714285714285,0.004857882,-252.09988,48.28279318705097,0.013429482,-190.739320397377,0.2382416640656253,0.013481131,0.76007104,57,3.993574162571908,0.4117647058823529,0.6428571428571429,-0.096305594,-90.13128774097238,-33.86618411540985
0.6666666666666666,0.17522512,0.00047469884,30,69.25,-69.43831023795349,-0.084173255,-0.048563208258797806,84.75,0.0056656897,1.7708435,-300.06735,0.0,0.4528301886792453,0.4528301886792453,0.3483385,0.5774103,0.36040914,128288,-4.250852970054325,0.3333333333333333,92.2,63.57142857142857,0.0032894837,-301.8382,42.068140182851295,0.014242987,-172.37548446655273,0.23679068015017235,0.01388765,0.80176646,53,3.8770777723853436,0.25,0.5714285714285714,-0.083698556,-94.68545737296765,-35.14856034517288
0.4666666666666667,0.17116478,0.0003792271,31,80.73333333333333,-69.37711915067149,-0.06507702,-0.04872901385159774,71.38461538461539,0.0052069873,-39.17099,-399.91833,0.0,0.49056603773584906,0.49056603773584906,0.38262856,0.55213606,0.35719717,132414,-4.212755116906635,0.46153846153846156,87.0,71.33333333333333,0.01148945,-360.74734,47.35479795489872,0.0116490815,-184.3705861568451,0.21525151786972008,0.011246271,0.8019302,53,4.061068528841493,0.6153846153846154,0.4166666666666667,-0.064697795,-95.54372728324302,-33.72392703592777
0.6153846153846154,0.1657414,0.00015300512,32,59.84615384615385,-69.56329353596409,-0.041061345,-0.04887104983403008,78.8,0.0035035014,-14.726349,-392.647,0.0,0.4074074074074074,0.4074074074074074,0.3744893,0.52344745,0.34852722,136548,-4.29286185954372,0.15384615384615385,93.92307692307692,73.3076923076923,0.0043695783,-377.92065,49.68736769226594,0.009960006,-185.3208705186844,0.2569071180485326,0.009550511,0.79726624,54,3.992507823838897,0.4666666666666667,0.38461538461538464,-0.04090834,-97.68571002154042,-33.91949462913908
0.46153846153846156,0.21953776,0.00045598298,33,72.53846153846153,-67.90128990943981,-0.12408256,-0.04706618848077289,84.23076923076923,0.0045527667,-48.885986,-411.3975,0.0,0.43636363636363634,0.43636363636363634,0.39388594,0.5571612,0.3633665,140720,-4.268036872786752,0.35714285714285715,83.71428571428571,64.13333333333334,0.007378904,-362.5115,45.42901661791234,0.017231073,-175.30754739046097,0.23542793119764016,0.016047982,0.7671699,55,4.155964428032119,0.38461538461538464,0.5333333333333333,-0.123626575,-92.48254430781711,-33.691442370414734
0.5714285714285714,0.20709433,0.0005993396,34,74.85714285714286,-68.20188102499348,-0.0775542,-0.04630008304744414,97.08333333333333,0.0050873607,17.283447,-388.90558,0.0,0.4339622641509434,0.4339622641509434,0.35759312,0.53893256,0.36145443,144876,-4.083855058990892,0.42857142857142855,79.92857142857143,63.38461538461539,0.0062535508,-406.18903,45.92558250801514,0.010843589,-177.38027876615524,0.3241353591164313,0.01044236,0.7796503,53,4.25622499849615,0.16666666666666666,0.5384615384615384,-0.076954864,-93.63050773261853,-33.817317850887775
0.5714285714285714,0.113737166,0.0007609427,35,70.21428571428571,-62.35830960878678,-0.13244165,-0.04471627116992299,81.6470588235294,0.0037767366,20.611847,-304.19028,0.0,0.5614035087719298,0.5614035087719298,0.30564556,0.562841,0.36378205,149031,-4.273831504494467,0.5,82.41666666666667,56.785714285714285,0.0015448582,-324.80212,39.535486243013246,0.013051445,-177.23457467556,0.23122933565930537,0.012794106,0.6941201,57,4.050502970818291,0.5294117647058824,0.6428571428571429,-0.13168071,-82.34255089519317,-34.57551288604736
0.3076923076923077,0.100935854,0.00027110428,36,83.23076923076923,-65.0966053636126,-0.05218968,-0.04778253118411876,72.81818181818181,0.004581414,24.48825,-443.62518,0.0,0.4074074074074074,0.4074074074074074,0.4746596,0.5445361,0.3516555,153148,-4.244405683750685,0.4,76.66666666666667,72.26666666666667,0.0070507545,-468.11343,45.47989753555374,0.027290694,-186.963223695755,0.22672431382002722,0.02656597,0.76979345,54,4.526190946077241,0.5454545454545454,0.4,-0.051918577,-89.90661716695737,-33.976013869047165
0.4375,0.1475352,0.00066897087,37,74.0,-61.822327468003564,-0.029926287,-0.0462014409621786,74.26666666666667,0.0042536706,10.870392,-314.99094,0.0,0.49122807017543857,0.49122807017543857,0.3206971,0.5645504,0.35913318,157263,-4.384490158949561,0.42857142857142855,78.64285714285714,59.666666666666664,0.0036087863,-325.86133,42.67951159286601,0.015119578,-183.46314656734467,0.01084230150911647,0.015149015,0.7219121,57,4.422354856470231,0.5333333333333333,0.5833333333333334,-0.029257316,-83.05565137595853,-33.78961096704006
0.6923076923076923,0.10520977,0.00045181066,38,70.76923076923077,-62.489073976592216,-0.10307308,-0.045210024786592924,77.28571428571429,0.003911741,40.14801,-474.0255,0.0,0.5,0.48148148148148145,0.49133533,0.51875734,0.34549204,161393,-4.076706663056221,0.38461538461538464,81.23076923076923,76.57142857142857,0.0017983988,-514.1735,39.92564643990974,0.009635914,-156.21171252429485,0.3118941565068144,0.00930565,0.7406608,54,4.04887163286925,0.5,0.35714285714285715,-0.10262127,-84.50882992728175,-33.900011874735355
0.5384615384615384,0.09828284,0.0012043193,39,75.15384615384616,-59.81994575240971,-0.044662677,-0.04661581683372777,79.35714285714286,0.00402838,-25.488312,-461.25507,0.0,0.5,0.5,0.41566494,0.5184925,0.3539459,165531,-4.297569811555135,0.42857142857142855,78.5,63.4,0.004793679,-435.76675,39.732693383850695,0.012747262,-171.57811006903648,0.11230072453228479,0.012017295,0.75312036,56,4.7786983823707105,0.5,0.5333333333333333,-0.043458357,-80.01976524845564,-33.98670679330826
0.625,0.12157363,-0.0013675541,40,62.4375,-56.73963055815899,-0.12889351,-0.04771776881649571,77.06666666666666,0.0045869425,17.791168,-356.67218,0.0,0.5737704918032787,0.5737704918032787,0.36489156,0.63124156,0.39232862,169649,-4.68723788056171,0.5625,69.125,61.214285714285715,0.0063613374,-374.46335,40.520473085507064,0.008404337,-169.15164709091187,0.3519282477595329,0.0076293214,0.69128954,61,5.373736492229238,0.5333333333333333,0.5714285714285714,-0.13026106,-74.0843380982784,-33.847609393298626
0.5384615384615384,0.14746915,0.0005261693,41,71.6923076923077,-63.27515408870258,-0.023000227,-0.043815829616251474,81.14285714285714,0.0038117766,47.96634,-429.9202,0.0,0.4444444444444444,0.4444444444444444,0.48501444,0.48911834,0.34585723,173771,-4.0412445319028905,0.3076923076923077,86.15384615384616,66.71428571428571,0.009048322,-477.88654,40.834421316708834,0.015145704,-165.2835938334465,0.08607474017346806,0.014578906,0.73094094,54,4.404295927341097,0.42857142857142855,0.5,-0.022474058,-85.59889794934404,-33.67730338871479
0.5,0.08360755,0.00045905262,42,77.0,-64.4966121431612,-0.09117064,-0.04443043693002448,85.38461538461539,0.0025745854,21.64331,-532.91327,0.0,0.38461538461538464,0.38461538461538464,0.5824102,0.4577603,0.32501432,177921,-3.8739704374052053,0.42857142857142855,77.14285714285714,79.6923076923077,0.002463939,-554.5566,40.1256803149598,0.01483811,-167.22692120075226,0.2698480393803182,0.01480837,0.7669627,52,4.243093467620482,0.3076923076923077,0.3076923076923077,-0.090711586,-88.47378653803698,-33.82092597335577
0.5,0.12972029,0.0005593598,43,72.3125,-58.63096322753916,-0.14467224,-0.045410735047782196,72.28571428571429,0.00457108,-18.971924,-535.17065,0.0,0.46551724137931033,0.46551724137931033,0.5801421,0.5470233,0.36079317,182093,-4.382208922119041,0.5,67.21428571428571,75.85714285714286,0.0091010425,-516.1987,36.463250895119,0.018355604,-147.50790640711784,0.11642436937564593,0.018116482,0.7174924,58,4.772058327840364,0.5,0.35714285714285715,-0.14411288,-77.55859619231316,-34.01662640273571
0.6153846153846154,0.13393822,0.00018745288,44,62.46153846153846,-58.44711696285979,-0.054718986,-0.04477480998817874,68.4,0.0038407743,61.36914,-558.7371,0.0,0.47368421052631576,0.47368421052631576,0.59025246,0.54091597,0.36604178,186190,-4.313983806183181,0.4666666666666667,74.53333333333333,81.5,0.006304906,-620.10626,39.957506391796976,0.010102262,-161.19188278913498,0.2588011023394512,0.009753941,0.7059879,57,4.977305230961679,0.5333333333333333,0.2857142857142857,-0.054531533,-78.0501924444709,-33.95452278852463
0.4,0.123410076,0.0006336719,45,77.93333333333334,-57.01977850654087,-0.120984145,-0.043596861548738444,71.78571428571429,0.00318674,17.42804,-515.6153,0.0,0.5,0.5,0.53771555,0.52805793,0.35671362,190385,-4.285359127736477,0.42857142857142855,74.71428571428571,65.0,0.0049655936,-533.04333,34.814003923868405,0.011527445,-169.33753448724747,0.1929407494875114,0.011412038,0.6836777,58,4.7181857121573305,0.6428571428571429,0.5333333333333333,-0.12035047,-74.43080277760424,-33.998998552560806
0.14285714285714285,0.17187786,0.001204567,46,90.35714285714286,-56.651734893206665,-0.009901946,-0.044645438194706615,72.0,0.0029586554,-1.0308228,-514.9026,0.0,0.4745762711864407,0.4576271186440678,0.47487915,0.5611579,0.38277128,194527,-4.419695313092163,0.6,61.0,58.8,0.007952942,-513.87177,38.68191779976269,0.013090541,-155.2519003301859,0.10576455787429606,0.012591564,0.6834869,59,5.280588427239256,0.4666666666666667,0.6,-0.008697379,-74.81206388316922,-33.66434544324875
0.2857142857142857,0.18785423,0.00022909045,47,85.07142857142857,-60.23281359042746,-0.153093,-0.045407691647213436,59.15384615384615,0.004675746,22.05426,-612.9083,0.0,0.43636363636363634,0.43636363636363634,0.6214304,0.5371016,0.36178327,198670,-4.195775276760038,0.35714285714285715,80.14285714285714,75.78571428571429,0.0032672032,-634.9626,38.49273260834023,0.013020014,-189.01585483551025,0.3813328153632073,0.012647299,0.75669646,55,5.198443722845764,0.6923076923076923,0.42857142857142855,-0.1528639,-80.11218201179396,-34.121106177568436
0.4375,0.06137497,0.0006032139,48,73.625,-52.226909824484714,-0.19896628,-0.043952322605809876,72.8125,0.0023788996,20.203766,-407.42377,0.0,0.5833333333333334,0.5833333333333334,0.43112496,0.5782933,0.3716784,202774,-4.461540035134426,0.5714285714285714,68.85714285714286,56.92857142857143,0.0054578856,-427.62753,28.668547466937085,0.0048117675,-130.54394946992397,0.3665957502586614,0.004785821,0.6465956,60,4.737055311890838,0.625,0.7142857142857143,-0.19836307,-65.73211557623387,-34.125507801771164
0.3076923076923077,0.030251374,0.00093623996,49,80.53846153846153,-56.44150144953445,-0.15299961,-0.045322858506026985,74.07142857142857,0.0025822464,-26.26593,-554.73047,0.0,0.5087719298245614,0.5087719298245614,0.532897,0.5377466,0.34962788,206920,-4.2961198578385975,0.5333333333333333,70.2,67.26666666666667,0.009565152,-528.46454,33.41330098066678,0.006100402,-148.50804734230042,0.5133103669996117,0.0058553657,0.7208952,57,4.894469066570188,0.5714285714285714,0.6,-0.15206337,-72.97225008375959,-34.20623090863228
0.4,0.08911738,-0.00013676286,50,79.46666666666667,-58.81666427832925,-0.10579438,-0.04579018279749399,68.15384615384616,0.0031079128,8.7547,-559.4618,0.0,0.48214285714285715,0.48214285714285715,0.564307,0.52401316,0.35238776,211093,-4.218144834219579,0.5,76.78571428571429,72.85714285714286,0.0065666395,-568.2165,35.01834870414464,0.0152545655,-166.3204466700554,0.29009826053924004,0.015037157,0.7485783,56,5.175320700035946,0.6153846153846154,0.42857142857142855,-0.10593114,-77.42692740035376,-33.94952630251646
0.23076923076923078,0.07979844,0.00067307055,51,91.53846153846153,-57.98470278900691,-0.081421226,-0.04557568832534286,81.07142857142857,0.0023543313,-29.490845,-559.4052,0.0,0.4716981132075472,0.4716981132075472,0.5579406,0.46657306,0.3288268,215194,-4.072212494196215,0.7142857142857143,61.42857142857143,76.33333333333333,0.004273574,-529.91437,32.35158102758873,0.009265981,-142.18209332227707,0.3620518178093045,0.008844238,0.77162015,53,4.722791982900512,0.42857142857142855,0.5,-0.080748156,-76.15759962016962,-33.718187533318996
0.42857142857142855,0.13383694,0.00062120706,52,75.78571428571429,-56.6930124543236,-0.112251736,-0.04480393016607949,70.1875,0.004277304,-18.792908,-567.53467,0.0,0.5254237288135594,0.5254237288135594,0.5682592,0.59187067,0.38481712,219326,-4.452827236838509,0.6153846153846154,65.53846153846153,68.5,0.0039091744,-548.74176,37.831691061113204,0.017580543,-189.07492744922638,0.285873076368533,0.01724439,0.69137776,59,5.314110902710552,0.5625,0.5,-0.11163053,-73.60238857397093,-33.7709950581193
0.35714285714285715,0.14109649,6.0595572e-05,53,79.0,-57.63157487689149,-0.10528751,-0.0475828530424702,79.41666666666667,0.003370136,8.161011,-553.5748,0.0,0.43636363636363634,0.43636363636363634,0.58707005,0.51203626,0.34962487,223504,-4.224786512268665,0.4,75.53333333333333,70.42857142857143,0.0059146993,-561.73584,33.956890782555526,0.011993482,-173.69005340337753,0.3884058785247295,0.011693612,0.7805307,55,4.974431265707276,0.5,0.5,-0.10522691,-75.76814943382686,-33.66860292851925
0.4,0.1070883,0.00033316016,54,78.0,-55.89312856617327,-0.17287791,-0.0433771187072125,64.78571428571429,0.0033362657,7.199402,-596.40466,0.0,0.48214285714285715,0.48214285714285715,0.59194964,0.5419701,0.36016598,227600,-4.1854770856822014,0.5,68.92857142857143,81.07692307692308,0.0019107542,-603.60406,31.57637063858045,0.009895322,-144.44832679629326,0.4200170708044535,0.0095805125,0.700594,56,5.07855749130249,0.6428571428571429,0.38461538461538464,-0.17254475,-72.2630999116227,-34.21213489770889
0.42857142857142855,0.0823092,0.00014615059,55,76.35714285714286,-58.63757492453265,-0.05600242,-0.04307372960586379,77.93333333333334,0.003587097,-1.9754028,-662.7702,0.0,0.43636363636363634,0.43636363636363634,0.6670841,0.50769573,0.34006822,231743,-4.040788875516178,0.7692307692307693,56.76923076923077,89.76923076923077,0.006112854,-660.7948,33.136406192897795,0.010580874,-143.44027692079544,0.27521758348458625,0.010491241,0.7176563,55,5.157119312696114,0.4,0.15384615384615385,-0.05585627,-77.1601123297079,-34.091041408479214
0.38461538461538464,0.10165504,0.0006201789,56,78.76923076923077,-53.701566527112426,-0.11137175,-0.043610980959716696,79.92857142857143,0.0025568008,10.980011,-510.9683,0.0,0.55,0.55,0.51751554,0.56877685,0.37599897,235865,-4.478838135973511,0.625,62.625,57.470588235294116,0.0053779134,-521.9483,32.82593357124591,0.0121919,-142.83743691444397,0.15049074302294696,0.011783813,0.6608942,60,5.45809594477802,0.42857142857142855,0.7058823529411765,-0.11075157,-68.45481994546329,-33.867491975426674
0.6666666666666666,0.078067146,0.0005765259,57,62.166666666666664,-51.119818688483335,-0.12724645,-0.04339862658661311,70.3125,0.0030739084,-13.302673,-562.1269,0.0,0.5806451612903226,0.5806451612903226,0.5582448,0.61956835,0.39242983,239982,-4.53127384081354,0.6428571428571429,56.42857142857143,77.35714285714286,0.0018541444,-548.8242,28.80285146707103,0.009809279,-139.38822638988495,0.12555390268820754,0.009629462,0.62794214,62,5.187272760049794,0.625,0.35714285714285715,-0.12666993,-63.82445088137312,-33.888733737170696
0.5384615384615384,0.0806818,0.0004953891,58,66.38461538461539,-54.06907474801764,-0.12062154,-0.04566776705860497,72.07142857142857,0.0042901337,-34.8526,-678.09467,0.0,0.5172413793103449,0.5172413793103449,0.64407617,0.5757816,0.37264886,244094,-4.408437611601499,0.5714285714285714,71.57142857142857,72.82352941176471,0.0026438818,-643.24207,31.435937503792427,0.0079904245,-132.2872552871704,0.41838514151840467,0.007978621,0.71206677,58,5.507443914153696,0.5,0.47058823529411764,-0.12012615,-69.33560855368731,-33.587413631379604
0.23076923076923078,0.10196591,0.0002469197,59,91.3076923076923,-61.19698010651157,-0.07561691,-0.045028030119759956,86.91666666666667,0.0017176792,-28.756775,-524.89075,0.0,0.35294117647058826,0.35294117647058826,0.49103126,0.42868668,0.30700782,248272,-3.8144716146798388,0.5333333333333333,74.46666666666667,75.54545454545455,0.004413166,-496.13397,33.38589414032138,0.014993081,-160.61478197574615,0.35480949799771944,0.014507136,0.80875987,51,4.444310226184777,0.25,0.36363636363636365,-0.07536999,-82.0774496422709,-33.73955315351486
0.4,0.10087771,0.0007355213,60,76.4,-55.02917533545187,-0.16122977,-0.04600668576800705,62.125,0.0027606264,-24.065735,-577.33124,0.0,0.576271186440678,0.576271186440678,0.6059939,0.57301027,0.3795321,252415,-4.410441821530554,0.6923076923076923,68.38461538461539,74.26666666666667,0.008608254,-553.2655,33.99371787344079,0.0072059203,-163.25350940227509,0.2408858393563995,0.0073507307,0.71105045,59,5.809990118875211,0.75,0.4666666666666667,-0.16049425,-70.28698504198405,-33.94092155992985
0.5333333333333333,0.04318638,0.0004402697,61,71.2,-51.616261078891235,-0.11242266,-0.04511711655555559,61.785714285714285,0.0021670014,18.283508,-547.4469,0.0,0.559322033898305,0.5423728813559322,0.5550688,0.5410722,0.36058712,256536,-4.412555144253297,0.625,67.875,78.71428571428571,0.0026474884,-565.7304,27.826368440219838,0.021288607,-128.11131983995438,0.2955250901728502,0.021281315,0.6864091,59,5.652940919983013,0.6428571428571429,0.35714285714285715,-0.11198239,-64.64535080095605,-33.917159125208855
0.42857142857142855,0.082909204,0.00044050813,62,80.85714285714286,-52.020089592007835,-0.13856818,-0.04448333575946308,53.25,0.0032795966,1.2218628,-565.84344,0.0,0.5833333333333334,0.5833333333333334,0.5723383,0.560293,0.37091127,260667,-4.420034919710915,0.5714285714285714,69.42857142857143,73.4375,0.0034199955,-567.0653,30.926807170590017,0.009597972,-159.5187749862671,0.4206881816836586,0.009268294,0.6618661,60,5.470552775508351,0.8125,0.5,-0.13812767,-65.60280676459531,-34.019031778133126
0.4375,0.08126928,0.0010850653,63,75.5,-52.49177905599583,-0.10438373,-0.04414938091830702,63.5,0.0025884807,-37.572266,-572.35455,0.0,0.55,0.55,0.5767773,0.5546343,0.3605776,264847,-4.389198574619407,0.75,60.9375,79.14285714285714,0.005358497,-534.7823,29.324228946728176,0.018455155,-144.62468701601028,0.2913767279324505,0.018224593,0.6642447,60,5.702520372308612,0.6428571428571429,0.35714285714285715,-0.103298664,-66.36361466028417,-33.80562341213226
0.2857142857142857,0.015111054,5.3934753e-05,64,85.21428571428571,-57.27717370731687,-0.09491757,-0.04454218216945531,71.53846153846153,0.0018211985,-9.43811,-667.6122,0.0,0.41509433962264153,0.41509433962264153,0.6586214,0.4438816,0.29995298,268989,-3.973848631550318,0.5,67.75,86.14285714285714,0.0032936619,-658.1741,31.56580604238962,0.018025931,-171.63351571559906,0.4188195269626376,0.018151194,0.7862228,53,6.285584881246982,0.6153846153846154,0.2857142857142857,-0.09486364,-74.90144369153762,-33.91831985861063
0.46153846153846156,0.06734992,0.0011509359,65,76.07692307692308,-52.99131019821547,-0.12753561,-0.04508543941738837,67.93333333333334,0.0032198727,-46.61783,-555.0879,0.0,0.5423728813559322,0.5423728813559322,0.5774313,0.5468964,0.3511263,273113,-4.388332288356793,0.6,67.66666666666667,68.8125,0.0039814143,-508.47006,32.41263010927589,0.016946908,-183.05193889141083,0.3593759108174276,0.017229408,0.68520755,59,5.334724137669738,0.5333333333333333,0.5625,-0.12638468,-67.53356780841062,-34.107378624379635
0.23076923076923078,0.097949065,0.00042233244,66,86.84615384615384,-60.86915809232661,-0.057297323,-0.04702402738362978,88.08333333333333,0.0027649403,-12.537231,-567.4731,0.0,0.34,0.32,0.61124194,0.41178253,0.29204628,277234,-3.864438709431205,0.5,69.64285714285714,87.27272727272727,0.0033071244,-554.93585,31.77228484416323,0.008393089,-169.20688331127167,0.3972212800057675,0.008233598,0.8506141,50,5.509882689274448,0.3333333333333333,0.18181818181818182,-0.05687499,-81.2832610053569,-33.84252019971609
0.26666666666666666,0.1071478,0.0007285625,67,85.0,-58.674608624080356,-0.1166292,-0.04408940609896504,73.64285714285714,0.002847813,36.12732,-527.49316,0.0,0.39622641509433965,0.39622641509433965,0.5415939,0.45972705,0.3186275,281351,-3.9425788759196436,0.5,72.75,78.16666666666667,0.0040819873,-563.6205,34.489495274206874,0.007053948,-155.1640589237213,0.39187861114108635,0.0068291733,0.7775318,53,6.765594163681079,0.42857142857142855,0.4166666666666667,-0.115900636,-77.45795551785884,-33.67219091951847
0.18181818181818182,0.1535244,-0.00012394786,68,90.18181818181819,-59.81533114737042,-0.1288451,-0.044546095342716065,67.4,0.0043300986,-7.5637817,-697.62177,0.0,0.39622641509433965,0.39622641509433965,0.69609255,0.46955818,0.31804368,285451,-3.9642747181080935,0.4166666666666667,73.58333333333333,80.93333333333334,0.0023918417,-690.058,35.62596491303478,0.007575526,-153.14520800113678,0.38356665488664565,0.007535387,0.76985186,53,6.229807069359756,0.6,0.3333333333333333,-0.12896904,-79.81457434011237,-33.71735144406557
0.26666666666666666,0.12042676,-0.00035312772,69,84.8,-53.44102477272338,-0.17567234,-0.04407068276855058,52.25,0.0019785538,3.1414795,-537.23303,0.0,0.5254237288135594,0.5254237288135594,0.5383027,0.50531167,0.3309142,289553,-4.403377540509041,0.6111111111111112,65.05555555555556,73.71428571428571,0.004067492,-540.3745,33.45881519478083,0.008977279,-167.96264815330505,0.3899129142431652,0.009239858,0.6858686,59,6.401210537542662,0.8333333333333334,0.42857142857142855,-0.17602547,-68.29637357169541,-33.63483144342899
0.4666666666666667,0.08139076,0.0015594289,70,72.06666666666666,-55.44262651356975,-0.12524751,-0.04457312902943438,74.73333333333333,0.0031033456,1.6531982,-647.72864,0.0,0.44642857142857145,0.44642857142857145,0.6362055,0.49358478,0.3258049,293713,-4.12447782602986,0.5454545454545454,70.45454545454545,78.86666666666666,0.004507564,-649.38184,31.80971233906824,0.013815483,-150.98624050617218,0.3454307550174638,0.014859867,0.73636264,56,6.075920222355769,0.4,0.4,-0.12368808,-71.81476153432855,-33.79904258996248
0.3333333333333333,0.087541446,0.0009638965,71,87.0,-57.6700418863652,-0.13150774,-0.046013216919185945,69.71428571428571,0.00435248,14.205444,-608.554,0.0,0.4528301886792453,0.4339622641509434,0.6134802,0.43541646,0.29609013,297906,-3.968195113146521,0.4,74.6,87.83333333333333,0.006835916,-622.75946,30.303923884301163,0.008075051,-147.5493877530098,0.43452940039373444,0.0080265775,0.7949786,53,5.382177140472216,0.6428571428571429,0.3333333333333333,-0.13054384,-75.1224355953482,-33.6722115278244
0.26666666666666666,0.11588435,0.00026202202,72,82.8,-53.39719628939097,-0.1448465,-0.04420531374406184,63.6,0.0027645528,1.2022705,-512.1689,0.0,0.49122807017543857,0.49122807017543857,0.52954006,0.5202136,0.33966443,302029,-4.154714110999656,0.5,79.33333333333333,65.0,0.0018471091,-513.37115,27.673408332529448,0.009045254,-118.31395626068115,0.4348934135419027,0.008742717,0.69547296,57,5.534554158834586,0.6,0.6,-0.14458448,-67.85905541917472,-33.63783198595047
0.38461538461538464,0.1438306,0.000680089,73,79.53846153846153,-56.013916304980846,-0.1478517,-0.04656583739119005,63.5,0.0039047152,5.264038,-608.32697,0.0,0.4827586206896552,0.4827586206896552,0.6053122,0.505325,0.32487053,306163,-4.355769821728138,0.5555555555555556,65.33333333333333,77.46666666666667,0.0027779816,-613.591,35.10927690171961,0.008099834,-144.93092036247253,0.3606458304874185,0.008134461,0.73022443,58,6.537155675495888,0.5833333333333334,0.4,-0.14717162,-72.98212855534585,-33.714200496673584
0.29411764705882354,0.09767956,0.0014589876,74,87.17647058823529,-54.70686237374986,-0.13820183,-0.0447251147183223,71.61538461538461,0.003070332,-45.345367,-469.6033,0.0,0.48148148148148145,0.46296296296296297,0.46771201,0.47065797,0.3140616,310276,-4.076672629912252,0.4166666666666667,79.16666666666667,62.5,0.0034462067,-424.25793,28.820810043449185,0.01002674,-140.07368063926697,0.4730524061932635,0.0098705925,0.7424169,54,4.979759299781182,0.5384615384615384,0.6666666666666666,-0.13674285,-70.18509430341699,-33.68659204989672
0.3333333333333333,0.07627012,-0.00024335831,75,86.91666666666667,-54.472137862981285,-0.100629695,-0.04502081185884294,69.41176470588235,0.002746299,-32.97827,-594.9985,0.0,0.4727272727272727,0.4727272727272727,0.5947591,0.49958917,0.3358308,314380,-4.137019699274575,0.5,69.41666666666667,74.85714285714286,0.0036920926,-562.0202,30.444945765429065,0.007188844,-158.26171565055847,0.41073538690770217,0.0072020865,0.74151725,55,5.638127436647173,0.47058823529411764,0.5714285714285714,-0.10087305,-69.83043362227353,-33.64840716868639
0.6153846153846154,0.13974148,0.00043988228,76,65.3076923076923,-55.214357865399165,-0.14467731,-0.04356408658819804,73.33333333333333,0.0040679574,0.8822632,-791.99713,0.0,0.4727272727272727,0.4727272727272727,0.81449205,0.49710342,0.33342543,318480,-4.014020430499272,0.6428571428571429,65.35714285714286,91.0,0.0032562225,-792.8794,32.758765276483764,0.010739879,-147.57052889466286,0.27288998020140287,0.010406698,0.7087162,55,5.738805259146342,0.5,0.1875,-0.14423743,-71.72311358756922,-33.625117510557175
0.5555555555555556,0.079355694,0.0016521588,77,68.88888888888889,-53.33213791475146,-0.07727045,-0.04511784714820425,69.78571428571429,0.002452284,-35.9989,-591.2396,0.0,0.5245901639344263,0.5245901639344263,0.57547593,0.5259395,0.3407898,322660,-4.469249872113771,0.75,51.3125,87.84615384615384,0.0071523087,-555.2407,35.532515893355686,0.01090724,-164.479498565197,0.35438530460364603,0.011466092,0.68621904,61,6.520508747009569,0.5,0.23076923076923078,-0.07561829,-68.31352170294181,-33.76026929169893
0.4166666666666667,0.06449752,0.00094254315,78,75.58333333333333,-51.15612504118948,-0.17280824,-0.04525958506190482,64.125,0.0028852895,3.011963,-662.2475,0.0,0.5666666666666667,0.5666666666666667,0.68282735,0.50700516,0.33331677,326805,-4.414870289621064,0.7142857142857143,65.14285714285714,72.22222222222223,0.006445568,-665.25946,30.22362275443322,0.008072926,-147.82922685146332,0.3765165904169727,0.008106207,0.69064957,60,6.133809559710494,0.6875,0.4444444444444444,-0.1718657,-64.10438093802271,-33.65895461291075
0.2857142857142857,0.08368882,0.0017320216,79,84.85714285714286,-56.695237064015046,-0.09806773,-0.04430065811245156,63.0,0.0023368448,-57.619995,-546.61316,0.0,0.38461538461538464,0.38461538461538464,0.49743122,0.43956923,0.2937325,330921,-3.8363829616197194,0.375,81.8125,86.3,0.0010624523,-488.99316,28.033002066485004,0.008384997,-127.03410387039185,0.4454508422431378,0.008385276,0.7745134,52,5.011203895620748,0.5833333333333334,0.3,-0.09633571,-73.98352139385847,-33.72235742211342
0.2857142857142857,0.065331146,0.0021559,80,85.42857142857143,-57.05531320421583,-0.14533874,-0.04525076249743628,68.2,0.001602836,5.5648193,-671.004,0.0,0.4642857142857143,0.4642857142857143,0.65709,0.45874074,0.29499793,335114,-4.032936002327141,0.5833333333333334,64.5,80.0,0.004502748,-676.56885,34.57343046892309,0.0057551004,-142.51050436496735,0.4290521955010159,0.005579873,0.7573843,56,6.344725863790842,0.6,0.4,-0.14318284,-74.82674441519859,-33.67914389818907
0.3333333333333333,0.07486215,0.00073102117,81,81.06666666666666,-53.753343749965,-0.10563737,-0.04497889483435163,60.2,0.0036301166,-17.911377,-568.67267,0.0,0.4745762711864407,0.4745762711864407,0.581283,0.4732386,0.30537346,339259,-4.256109069859221,0.5333333333333333,64.2,75.92857142857143,0.0038584408,-550.7613,33.388567494957165,0.0044677807,-162.64942944049835,0.43142660188246695,0.004418389,0.70314336,59,6.714821603588661,0.6,0.42857142857142855,-0.10490635,-69.17346808895216,-33.64999220520258
0.3333333333333333,0.06976196,0.0008619875,82,80.83333333333333,-54.300991239789745,-0.12630662,-0.04542922778714315,60.357142857142854,0.003717631,41.09424,-776.6396,0.0,0.5,0.5,0.74565256,0.4500726,0.3007398,343370,-4.159831819292286,0.6428571428571429,62.42857142857143,88.875,0.0025827899,-817.7338,31.224108063024424,0.010733682,-142.1224221587181,0.3607636884820692,0.010724458,0.7356381,56,5.94394707036001,0.7142857142857143,0.3125,-0.12544464,-69.75642440221938,-33.65709359943867
0.35294117647058826,0.053873688,0.0007632598,83,80.88235294117646,-54.993932517162825,-0.11937946,-0.045385392134433274,78.46153846153847,0.0028500892,11.562134,-406.6554,0.0,0.4642857142857143,0.4642857142857143,0.3963598,0.47836894,0.30969167,347512,-4.156038491137956,0.4666666666666667,69.6,63.90909090909091,0.009513222,-418.21753,33.56723631426178,0.009666421,-181.0518834590912,0.2899594489385644,0.009605026,0.7509999,56,6.291968610423709,0.46153846153846156,0.6363636363636364,-0.1186162,-71.01488995452833,-33.847884729504585
0.25,0.039843425,0.0008762777,84,83.33333333333333,-58.751434356639415,-0.1436456,-0.045541382514621864,73.0,0.0031782612,21.05487,-735.4381,0.0,0.35294117647058826,0.35294117647058826,0.7524811,0.38752994,0.2633591,351699,-3.7488975220226948,0.3,90.1,85.07142857142857,0.0063390657,-756.493,29.639674013353844,0.005811931,-139.71789675951004,0.4953065734181855,0.005252234,0.8270431,51,6.028707718832099,0.5333333333333333,0.2857142857142857,-0.14276932,-77.41024284897482,-33.96544396132231
0.2857142857142857,0.073515,0.0008107126,85,83.85714285714286,-53.79145397201005,-0.1829724,-0.04533941166121366,65.83333333333333,0.0033327118,-15.0633545,-620.7064,0.0,0.5,0.5,0.6247221,0.5319044,0.32172957,355892,-4.3228038404899465,0.7222222222222222,59.05555555555556,72.875,0.0044739945,-605.64307,32.93468371700823,0.005030249,-138.15099376440048,0.5143859935689729,0.0049172854,0.69395965,60,6.4832048950632,0.5,0.4375,-0.18216169,-68.99369782597448,-33.74226702749729
0.42857142857142855,0.09083362,-0.0006258935,86,80.0,-54.96934224151098,-0.11111701,-0.04324740865022728,63.5,0.0029519945,31.292847,-631.613,0.0,0.4909090909090909,0.4909090909090909,0.6344708,0.46331996,0.30290887,359996,-3.952242841496833,0.4166666666666667,74.58333333333333,82.53846153846153,0.0038189117,-662.9058,29.91476347773332,0.0060100285,-125.07140982151031,0.49242267561507513,0.0059160255,0.72153616,55,6.364125510173002,0.625,0.46153846153846156,-0.111742906,-70.71167062839324,-33.61762200295925
0.5384615384615384,0.105940156,0.0006565526,87,74.0,-56.51148311043281,-0.118123926,-0.04735512295190509,71.0,0.004064761,-30.03949,-714.0019,0.0,0.41509433962264153,0.41509433962264153,0.69312906,0.42372888,0.2896549,364159,-3.9293967113445305,0.3333333333333333,77.93333333333334,90.76923076923077,0.0015850835,-683.9624,27.561167460301625,0.009828062,-130.94144558906555,0.4155127137469624,0.009988254,0.81458825,53,5.773289244535191,0.5,0.3076923076923077,-0.11746737,-73.44752971434662,-33.62429103255272
0.2857142857142857,0.14845562,-0.00036878884,88,82.14285714285714,-58.45445223211314,-0.09895607,-0.046097299647738815,70.71428571428571,0.006474659,-3.7286377,-596.30505,0.0,0.36538461538461536,0.36538461538461536,0.6156228,0.41804957,0.28155267,368283,-3.8085101091954527,0.18181818181818182,91.0,75.61538461538461,0.0035403704,-592.5764,31.41590416307359,0.007141636,-144.40269446372986,0.44200522668261455,0.006892828,0.8174608,52,6.170538028158341,0.5714285714285714,0.38461538461538464,-0.09932486,-77.31457277029179,-34.06425906717777
0.5,0.087809175,0.00047247112,89,69.5,-55.31471474170972,-0.16060974,-0.04485689129201118,75.15384615384616,0.0031582564,-5.034424,-714.15784,0.0,0.41509433962264153,0.41509433962264153,0.7068185,0.39652324,0.2672977,372387,-3.9849144697160597,0.42857142857142855,79.57142857142857,84.21428571428571,0.0025213053,-709.1234,27.650744966134027,0.008072334,-144.0931271314621,0.47741048430676813,0.007829364,0.760859,53,6.1008857593201755,0.46153846153846156,0.2857142857142857,-0.16013727,-71.4485979612987,-33.90347521752119
0.21428571428571427,0.070154786,0.0009891093,90,87.35714285714286,-57.33782150352506,-0.12785667,-0.04619912336565587,61.46153846153846,0.0029974505,10.4887085,-645.95166,0.0,0.41509433962264153,0.41509433962264153,0.6418926,0.43088132,0.2870476,376521,-3.9852261344143898,0.38461538461538464,79.92307692307692,82.53846153846153,0.004223862,-656.44037,30.437007083921568,0.0081941085,-127.86910665035248,0.40015688564643515,0.0080391755,0.7904303,53,5.739428368408321,0.7692307692307693,0.3076923076923077,-0.12686756,-74.98515255875745,-33.7867074906826
0.4666666666666667,0.057259545,0.00021235645,91,73.33333333333333,-53.65329183962862,-0.13805068,-0.04645238479637402,68.92857142857143,0.0040481463,14.928528,-641.0488,0.0,0.49122807017543857,0.49122807017543857,0.62027055,0.4770935,0.30616567,380658,-4.252618652314737,0.5714285714285714,65.5,82.5,0.0039908625,-655.97736,32.04358130081667,0.0081565,-173.2050702571869,0.43796441817527676,0.007947649,0.75028217,57,7.0124325824873095,0.5714285714285714,0.35714285714285715,-0.13783832,-68.45537103788126,-33.96012060344219
0.3333333333333333,0.08805028,0.0005506575,92,82.41666666666667,-55.95853493523399,-0.09623653,-0.043696621289996726,68.8,0.0050941184,-10.813049,-743.9018,0.0,0.43636363636363634,0.43636363636363634,0.7132658,0.44017437,0.29115358,384842,-3.980220100166399,0.5384615384615384,71.07692307692308,82.6,0.0074592624,-733.08875,32.13455112269768,0.016567612,-164.57256829738617,0.24885685669549984,0.020505304,0.755543,55,6.9399498087954115,0.6,0.26666666666666666,-0.09568587,-72.69493924978782,-33.625942669808865
0.16666666666666666,0.048785158,0.00017552078,93,92.5,-58.95432889616579,-0.13125485,-0.04699634203494473,64.63636363636364,0.003729213,27.826233,-706.9755,0.0,0.32,0.32,0.7111379,0.3948024,0.26358435,388960,-3.769113181470928,0.4,77.6,94.41666666666667,0.003130386,-734.80176,27.089194319451657,0.010210289,-120.23606276512146,0.5150701581440884,0.010149011,0.8477428,50,5.6771889418407,0.6363636363636364,0.08333333333333333,-0.13107933,-77.66142595280272,-33.61307115852833
0.5625,0.08469135,-2.8431416e-05,94,70.5625,-53.18673262894157,-0.13211225,-0.04551890901756324,79.5,0.0021292642,-13.668213,-522.87506,0.0,0.5087719298245614,0.5087719298245614,0.53663486,0.43477932,0.27989158,393127,-4.215405127406086,0.6153846153846154,63.23076923076923,78.66666666666667,0.0042423243,-509.20685,29.414607026293915,0.012129341,-138.13425093889236,0.4406106342306423,0.01192654,0.74268913,57,6.2162808225341974,0.5,0.3333333333333333,-0.13214068,-67.80037680408803,-33.935421369969845
0.3333333333333333,0.051762447,0.0008137971,95,80.41666666666667,-55.362276408086004,-0.1273878,-0.043876195015668876,86.23076923076923,0.0033100583,-6.0290527,-842.39056,0.0,0.37735849056603776,0.37735849056603776,0.8184634,0.40534872,0.27291676,397263,-3.824739125361262,0.75,55.25,86.6875,0.002906295,-836.3615,27.469468714226707,0.009420197,-129.0412986278534,0.4549889136006382,0.009347267,0.7573305,53,6.061743966845986,0.23076923076923078,0.25,-0.12657401,-71.61644804766168,-33.88798689842224
0.2857142857142857,0.060390856,0.00061219186,96,87.0,-56.067303014098975,-0.08802067,-0.04556880887482584,86.0,0.002422668,10.444611,-480.34326,0.0,0.3888888888888889,0.3888888888888889,0.47572666,0.4009991,0.2695529,401434,-4.073257136047509,0.5,68.125,69.25,0.004651783,-490.78787,29.49648616909966,0.020167083,-144.45860758423805,0.34149858262201893,0.020709995,0.78602916,54,5.835120849316711,0.25,0.5,-0.087408476,-73.07208037811021,-34.371897384524345
0.42857142857142855,0.06980561,0.000105664134,97,75.64285714285714,-53.9989709630404,-0.16722327,-0.04460523983541991,74.3125,0.0029197335,11.621094,-622.5513,0.0,0.5087719298245614,0.5087719298245614,0.5983468,0.49775648,0.322907,405547,-4.210490249117804,0.5833333333333334,65.16666666666667,72.2,0.006813939,-634.17236,31.078677706088097,0.007833711,-136.45130342245102,0.3476025714124442,0.00785702,0.71675324,57,6.97587964229273,0.5,0.5333333333333333,-0.16711761,-69.06256676471808,-34.17525587975979
0.14285714285714285,0.060527813,0.0009529963,98,91.92857142857143,-55.94902114523411,-0.115782216,-0.04404709420840266,80.75,0.002947513,-29.751404,-549.3215,0.0,0.43636363636363634,0.43636363636363634,0.5571382,0.45000476,0.2976872,409706,-4.044364169707293,0.625,61.25,71.0,0.0014997028,-519.57007,32.666483010141256,0.0059614494,-156.15092778205872,0.4407269184027832,0.005926035,0.7488637,55,6.709461972529454,0.5,0.46153846153846156,-0.11482922,-72.82462528303942,-33.69785163551569
0.14285714285714285,0.05790737,0.00045723468,99,90.78571428571429,-57.631790418530336,-0.11003608,-0.044472650466730705,76.07692307692308,0.0028870702,-25.859375,-644.0384,0.0,0.32,0.32,0.64884776,0.4021423,0.27285054,413830,-3.6676289845458356,0.36363636363636365,80.81818181818181,81.25,0.0016453367,-618.179,26.963101947901485,0.007375525,-134.5847914814949,0.46510255012043156,0.0071575837,0.81536895,50,5.999582758699079,0.46153846153846156,0.3333333333333333,-0.10957885,-75.55507181674243,-34.06720998138189
0.38461538461538464,0.13489157,-0.00022773445,100,82.0,-54.76110637726309,-0.17177428,-0.042600330909932045,63.93333333333333,0.0024573952,-25.354248,-653.3549,0.0,0.5344827586206896,0.5172413793103449,0.6185509,0.4483274,0.29284233,417975,-4.063871497492769,0.5714285714285714,71.07142857142857,70.3125,0.0038461934,-628.0007,32.901750055986945,0.0053804964,-150.8787486553192,0.4054560971823279,0.005275332,0.68767816,58,7.198224517490953,0.5333333333333333,0.5625,-0.17200202,-70.40845084177523,-33.75816663354635
0.6875,0.04010841,0.0010900944,101,62.4375,-53.04237745320951,-0.16957141,-0.04276494370468135,68.71428571428571,0.0026445985,-25.310303,-703.91656,0.0,0.559322033898305,0.5423728813559322,0.6821591,0.45027986,0.2804352,422081,-4.208908099769005,0.6666666666666666,60.4,88.5,0.0042855646,-678.60626,33.02354463173389,0.009031608,-138.27017456293106,0.34035157260914306,0.009549569,0.6727412,59,7.716230820750122,0.5714285714285714,0.21428571428571427,-0.16848132,-67.62818182827273,-33.81358228623867
0.4166666666666667,0.024098702,0.0022951663,102,79.58333333333333,-55.25811432609943,-0.13841406,-0.044581052625031294,70.42857142857143,0.003109241,-29.498596,-684.43964,0.0,0.48148148148148145,0.48148148148148145,0.69599074,0.42188406,0.2720426,426189,-3.9007754444083815,0.6,66.33333333333333,90.15384615384616,0.009228062,-654.94104,29.278112250942993,0.009699149,-137.6923475265503,0.4901453073016355,0.0115889525,0.77236086,54,6.499070031037001,0.6428571428571429,0.23076923076923078,-0.13611889,-70.95167499463315,-33.921403124928474
0.4666666666666667,0.04793965,0.0005351193,103,70.06666666666666,-55.75180144078369,-0.04173836,-0.04496756157574145,63.785714285714285,0.0025820807,-17.70465,-800.74524,0.0,0.42857142857142855,0.42857142857142855,0.7673786,0.41104352,0.26693347,430317,-4.151850750378422,0.5833333333333334,67.75,91.4,0.006734729,-783.0406,32.647860519378156,0.015479074,-151.63697600364685,0.3015718847512643,0.016472094,0.7558372,56,7.540157820827277,0.5714285714285714,0.13333333333333333,-0.04120324,-72.61848662248424,-33.66509582847357
0.35714285714285715,0.039987184,-0.0021445751,104,76.92857142857143,-53.89375285925596,-0.13486384,-0.043447691963022186,60.357142857142854,0.0047188513,-26.069946,-577.9943,0.0,0.5087719298245614,0.5087719298245614,0.5659355,0.46173522,0.29005086,434443,-4.106189920285054,0.5,74.1875,78.23076923076923,0.0028642493,-551.9244,34.272199819255086,0.016281644,-209.19613671302795,0.43994774375620216,0.016783481,0.7324973,57,7.937287456828647,0.6428571428571429,0.5384615384615384,-0.13700841,-68.82396203779469,-33.84381252527237
0.21428571428571427,0.056467764,0.0015406385,105,89.5,-56.74441927531611,-0.10438389,-0.044100176191998665,73.6,0.0040726587,14.554199,-670.7592,0.0,0.4074074074074074,0.4074074074074074,0.6730824,0.42340758,0.27250805,438561,-3.9290998592053725,0.7272727272727273,58.09090909090909,80.14285714285714,0.0053964416,-685.3134,35.938405611148866,0.007989727,-193.0416966676712,0.5623452225423045,0.007513436,0.7749403,54,7.567167959264206,0.4,0.35714285714285715,-0.102843255,-74.35318626173668,-33.86016649752855
0.36363636363636365,0.1326954,0.0010486469,106,77.36363636363636,-56.73335441592428,-0.107671626,-0.042837254966341436,83.83333333333333,0.0026084185,13.696716,-749.8065,0.0,0.3584905660377358,0.3584905660377358,0.7857042,0.40402508,0.2714577,442749,-3.6896154021909524,0.5333333333333333,68.73333333333333,86.66666666666667,0.0034732514,-763.50323,28.636413027666766,0.009673275,-153.71428018808365,0.23187044490907938,0.009699654,0.75880784,53,5.934311015102674,0.3333333333333333,0.2,-0.10662298,-74.26404115585785,-33.90923032909632
0.2857142857142857,0.08770919,0.00028416514,107,85.0,-59.01104644067712,-0.08356772,-0.045352911041644205,82.5,0.00357797,-101.84668,-772.443,0.0,0.36538461538461536,0.36538461538461536,0.6813563,0.4136756,0.26473698,446851,-3.7357949899869425,0.6428571428571429,55.714285714285715,95.16666666666667,0.0029909096,-670.5963,33.6455708600827,0.0057352874,-155.68211543560028,0.4242295164493153,0.0055787894,0.8295311,52,7.89643771331058,0.25,0.25,-0.08328356,-78.46464771749332,-33.7459544762969
0.2,0.065403074,-7.7188015e-06,108,87.6,-56.11506924474515,-0.13222891,-0.04405590895425258,69.42857142857143,0.0035349578,29.262268,-586.6055,0.0,0.37735849056603776,0.37735849056603776,0.58994967,0.36336,0.23689651,451005,-3.6927920833798495,0.5384615384615384,67.92307692307692,89.54545454545455,0.0049379966,-615.8678,28.879536030428348,0.00905066,-142.94876152276993,0.4141398019125171,0.0088634575,0.77258843,53,6.0688210911169955,0.5714285714285714,0.18181818181818182,-0.13223663,-73.09874158900864,-33.8569995239377
0.5,0.037897214,0.0021308288,109,67.66666666666667,-56.05938535462192,-0.07050594,-0.04561806297010935,83.73333333333333,0.005057797,-116.403015,-829.9168,0.0,0.4,0.4,0.7975146,0.372644,0.24292022,455179,-4.020971243278474,0.5833333333333334,64.41666666666667,83.3125,0.0039700167,-713.5138,31.3207358017799,0.010520727,-147.601557970047,0.4194636830382752,0.010423042,0.789432,55,6.985882191093675,0.26666666666666666,0.3125,-0.06837511,-73.18479312847961,-33.754910200834274
0.6428571428571429,0.039434418,0.0006516576,110,66.42857142857143,-53.11658037473643,-0.123726785,-0.04489208797220762,70.0,0.0038867518,14.832153,-567.0482,0.0,0.4642857142857143,0.4642857142857143,0.5560991,0.41012385,0.26618502,459288,-3.99617826173818,0.3125,79.75,76.38461538461539,0.0015830643,-581.8804,29.46590881462863,0.007913443,-135.9560273885727,0.43383607576861594,0.00755639,0.7488985,56,6.663601431309321,0.5384615384615384,0.38461538461538464,-0.12307513,-67.94502319169641,-33.6378246024251
0.3333333333333333,0.059496347,0.00035054982,111,77.66666666666667,-54.23051396736935,-0.13707322,-0.04406776761514718,63.07142857142857,0.0019217245,14.058594,-739.58984,0.0,0.49122807017543857,0.49122807017543857,0.72762394,0.40578708,0.25525194,463389,-4.087929330970496,0.6923076923076923,60.15384615384615,84.73333333333333,0.0017591984,-753.64844,32.650922861766354,0.00892698,-146.72869807481766,0.3779331867236406,0.008894221,0.71352327,57,7.2016224129785416,0.6428571428571429,0.3333333333333333,-0.13672267,-69.80147779331276,-33.73042906075716
0.35714285714285715,0.1030948,0.00023676455,112,77.64285714285714,-55.59385651322416,-0.073709935,-0.0457083764683405,89.4,0.002462849,-13.369598,-488.75366,0.0,0.41818181818181815,0.41818181818181815,0.4836649,0.38551128,0.26440084,467541,-4.087967217244589,0.5714285714285714,64.64285714285714,68.25,0.0018775665,-475.38406,30.68065300217345,0.010817885,-149.38631790876389,0.31894120608328846,0.010271889,0.78416157,55,7.533844758550097,0.26666666666666666,0.5,-0.07347317,-72.32372372888706,-33.985886946320534
0.3333333333333333,0.029769061,-9.171665e-05,113,77.5,-56.724276420795796,-0.13308048,-0.04338501797819351,79.15384615384616,0.0031136163,20.487854,-807.9936,0.0,0.38461538461538464,0.38461538461538464,0.79477334,0.37865195,0.25672156,471669,-3.726597907817485,0.36363636363636365,82.36363636363636,78.9375,0.0019774272,-828.48145,29.933938796983103,0.010677831,-133.7931250333786,0.459787349015235,0.010647168,0.7837102,52,6.858393706092539,0.46153846153846156,0.375,-0.1331722,-74.11895009123076,-33.80771069973707
0.4666666666666667,0.1654843,0.00046509504,114,73.13333333333334,-55.098623598186144,-0.14245866,-0.045631799453275425,82.75,0.0044314116,-5.0317993,-453.76755,0.0,0.49122807017543857,0.49122807017543857,0.4468228,0.46011385,0.29280493,475786,-4.008157407673231,0.5,68.77777777777777,65.75,0.0039298786,-448.73575,35.13838618297014,0.0075408057,-165.41110157966614,0.29420386681432087,0.007614557,0.75454044,57,7.683607982147195,0.4166666666666667,0.5833333333333334,-0.14199357,-71.34726413077952,-33.90148168802261
0.35714285714285715,0.025089582,0.00066511333,115,77.14285714285714,-56.721791850133386,-0.044349484,-0.04415886946088405,83.85714285714286,0.0037224106,-21.89392,-785.8966,0.0,0.3333333333333333,0.3333333333333333,0.75953555,0.32832572,0.22325157,479913,-3.6926444901986457,0.5,66.9,92.61538461538461,0.0036591594,-764.0027,26.61076519905106,0.008507794,-123.55098068714142,0.3101473421646054,0.008112487,0.8098625,51,6.544036887418222,0.2857142857142857,0.23076923076923078,-0.04368437,-74.03205418880736,-33.72764386981726
0.36363636363636365,0.053409304,0.00097444654,116,81.63636363636364,-58.85614400340456,-0.06848104,-0.045511607881173616,85.57142857142857,0.0031082407,-62.218506,-757.4257,0.0,0.34615384615384615,0.34615384615384615,0.7149302,0.38247573,0.24834141,484027,-3.802852578626691,0.5384615384615384,65.23076923076923,83.57142857142857,0.0038674413,-695.2072,33.46770226881594,0.006817726,-168.64263939857483,0.3867660571978988,0.0069684,0.8346811,52,7.830512047277589,0.21428571428571427,0.2857142857142857,-0.0675066,-78.41592559863169,-33.812273278832436
0.4666666666666667,0.10423493,-0.0001039654,117,73.93333333333334,-54.319243765823686,-0.14947572,-0.042933607851789686,76.41666666666667,0.003282629,8.148804,-650.00885,0.0,0.4642857142857143,0.4642857142857143,0.679991,0.41014794,0.2665382,488222,-3.8161436548306114,0.5333333333333333,70.66666666666667,79.21428571428571,0.0022550283,-658.15765,29.443364240901037,0.0077585317,-152.77189391851425,0.362790681848392,0.007593215,0.72155184,56,6.434339615613826,0.5,0.35714285714285715,-0.14957969,-69.8507286389386,-34.15538792312145
0.5,0.06261298,0.00095584244,118,68.25,-57.19047853615276,-0.11830305,-0.04427316044251735,76.85714285714286,0.0023189634,-53.14917,-627.5499,0.0,0.36,0.36,0.5963582,0.33377916,0.23331413,492323,-3.5411765846968493,0.15384615384615385,97.61538461538461,85.18181818181819,0.0039879056,-574.40076,26.28899606222352,0.011300379,-134.2647951245308,0.34452842433794995,0.011207979,0.8130209,50,6.192153971592295,0.42857142857142855,0.36363636363636365,-0.11734721,-74.59562298364938,-34.125114150345325
0.5384615384615384,0.056053005,-0.000114135444,119,68.15384615384616,-56.478538642868834,-0.10346413,-0.04421291376716171,83.84615384615384,0.0028558783,-3.2492065,-697.7767,0.0,0.4074074074074074,0.4074074074074074,0.7021118,0.388254,0.24923961,496455,-3.8557547226096816,0.46153846153846156,76.84615384615384,77.13333333333334,0.0029310947,-694.52747,32.10381396214631,0.00869487,-132.13302046060562,0.3460528140054048,0.008414677,0.7746087,54,7.541957208978703,0.3076923076923077,0.3333333333333333,-0.10357826,-74.12321261172312,-33.72172558307648
0.42857142857142855,0.029309522,0.0017729402,120,78.21428571428571,-56.05290497156881,-0.15701286,-0.04542501824354058,84.71428571428571,0.0035587624,-21.147095,-666.74524,0.0,0.42592592592592593,0.42592592592592593,0.640601,0.37803116,0.2430876,500566,-3.9943171658823644,0.6428571428571429,57.214285714285715,85.75,0.004024716,-645.59814,32.691767377384835,0.0059857857,-138.79545503854752,0.5048094880338169,0.0062655606,0.8016625,54,8.379194158963756,0.35714285714285715,0.25,-0.15523992,-73.02361094861946,-33.87536056339741
0.3076923076923077,0.050008856,0.0007931143,121,81.38461538461539,-54.053830401224914,-0.12322715,-0.044760494998945737,76.71428571428571,0.003404446,3.6820679,-762.226,0.0,0.42857142857142855,0.42857142857142855,0.74533683,0.42659447,0.2756355,504722,-4.118075116353211,0.6153846153846154,62.84615384615385,75.4375,0.0014079714,-765.9081,29.526513530557786,0.0095665315,-127.27875590324402,0.3829021968762173,0.009290905,0.74635357,56,6.80570635827719,0.42857142857142855,0.375,-0.122434035,-69.68110416500296,-34.23200839012861
0.6,0.039751034,0.0010007694,122,69.33333333333333,-55.879273882965386,-0.12347516,-0.04453724169943704,76.84615384615384,0.004456401,-0.82159424,-551.4766,0.0,0.4642857142857143,0.4642857142857143,0.5417074,0.4705933,0.3001387,508844,-4.086641796966255,0.5,71.375,78.41666666666667,0.008536159,-550.655,33.32240789513596,0.01038673,-148.16243410110474,0.30854339489629046,0.010329598,0.7448085,56,7.659127092430859,0.38461538461538464,0.3333333333333333,-0.12247439,-72.72902069786298,-33.98893540352583
0.2857142857142857,0.09267284,0.0006267503,123,86.57142857142857,-55.79490616095971,-0.11259998,-0.04448838398388239,71.86666666666666,0.0021568164,-4.0455933,-704.443,0.0,0.49122807017543857,0.49122807017543857,0.7157418,0.45770013,0.29731867,513009,-4.087624051442631,0.6666666666666666,57.75,73.875,0.003353492,-700.3974,33.78330678197177,0.012996358,-147.50573855638504,0.3063824742870428,0.012802176,0.7594014,57,8.338379726890757,0.5333333333333333,0.5,-0.111973226,-72.46383414884801,-33.966455802321434
0.5833333333333334,0.061860364,0.0005441308,124,63.583333333333336,-57.328012032922125,-0.10103558,-0.04490858613503911,73.76923076923077,0.0050491467,26.143555,-615.83984,0.0,0.34615384615384615,0.34615384615384615,0.6692154,0.3944578,0.26667827,517127,-3.8569321199099065,0.13333333333333333,92.46666666666667,84.08333333333333,0.0017470804,-641.9834,28.316478103467094,0.013689528,-121.0312665104866,0.38689873209348646,0.013445178,0.79041326,52,5.898460265905779,0.46153846153846156,0.25,-0.10049145,-75.26682916856728,-33.69336951524019
0.375,0.039220683,0.00060659647,125,77.5,-55.39333942852182,-0.1327816,-0.04394078710846764,70.78571428571429,0.0024099164,5.8726807,-669.1737,0.0,0.4642857142857143,0.4642857142857143,0.6589263,0.44563976,0.28619376,521297,-3.946851458929352,0.5,70.33333333333333,78.21428571428571,0.0038395629,-675.0464,31.944680503826035,0.0052025868,-159.96402490139008,0.40475757749386054,0.005082899,0.74879414,56,7.284125824340528,0.5714285714285714,0.42857142857142855,-0.132175,-71.47444190018412,-33.79492683708668
0.5833333333333334,0.019188669,-0.00016795099,126,68.0,-53.56368476768627,-0.1137491,-0.0434536628571737,81.78571428571429,0.0028373897,19.585632,-634.6716,0.0,0.41818181818181815,0.41818181818181815,0.6607969,0.391239,0.2570594,525464,-3.902036362684825,0.4,74.93333333333334,77.28571428571429,0.0024922541,-654.2572,27.372224836298546,0.0107062645,-114.88345485925674,0.39586634180693003,0.010732951,0.72747517,55,5.758935535157187,0.35714285714285715,0.35714285714285715,-0.11391705,-68.81398598179221,-33.7195994630456
0.21428571428571427,0.07676508,-0.00046388805,127,85.64285714285714,-55.59506231517367,-0.11700971,-0.04497863700392188,61.07692307692308,0.003532976,-62.980164,-707.2905,0.0,0.4074074074074074,0.4074074074074074,0.72323704,0.40960413,0.26591703,529565,-3.8597182634396106,0.38461538461538464,78.6923076923077,77.5,0.002941932,-644.31036,30.56124470580827,0.008364323,-133.14524590969086,0.38861840441798157,0.008102081,0.768969,54,7.082040775115825,0.6153846153846154,0.42857142857142855,-0.117473595,-72.410726301648,-33.90457793325186
0.23076923076923078,0.04670994,0.0006861761,128,88.53846153846153,-60.33530972751511,-0.1053433,-0.04332749546114477,74.0,0.003599856,-21.365356,-695.8444,0.0,0.3333333333333333,0.3333333333333333,0.7333067,0.37591472,0.24354813,533702,-3.6295683547602806,0.5,72.85714285714286,89.83333333333333,0.0062917876,-674.47906,34.55847919112481,0.014729475,-176.17913055419922,0.41336678285611506,0.014888648,0.8337341,51,8.060533183768431,0.4166666666666667,0.16666666666666666,-0.10465712,-80.81272836482408,-33.713083520531654
0.4,0.042295128,0.00035467744,129,74.26666666666667,-54.89536356269305,-0.14868286,-0.04341731359221224,76.26666666666667,0.004232846,-39.660034,-654.49817,0.0,0.4727272727272727,0.45454545454545453,0.66189337,0.41041946,0.2714805,537821,-3.8958885735374196,0.45454545454545453,73.72727272727273,75.0,0.0019722097,-614.83813,30.556031658828392,0.00673282,-138.5465545654297,0.34191710465842695,0.006609156,0.7378292,55,6.898426119810634,0.5333333333333333,0.42857142857142855,-0.14832819,-70.79317086691206,-33.67860918492079
0.45454545454545453,0.052134562,0.0013142675,130,74.18181818181819,-56.14948022100492,-0.16099393,-0.04262602911375969,79.92307692307692,0.003239356,-15.443237,-722.0539,0.0,0.37735849056603776,0.37735849056603776,0.78513694,0.3863729,0.25585416,541941,-3.7481142308993753,0.5,66.5,92.38461538461539,0.0040875347,-706.61066,30.066289682115883,0.0103675295,-148.63972568511963,0.3787648000401421,0.010247313,0.76268905,53,7.209557986953883,0.38461538461538464,0.15384615384615385,-0.15967967,-73.49912769965968,-33.827422708272934
0.4375,0.023563039,0.0011377931,131,74.875,-55.3317373103193,-0.1423575,-0.045256221858446834,74.28571428571429,0.0029379912,-9.46344,-627.3856,0.0,0.4642857142857143,0.4642857142857143,0.62957996,0.39594242,0.25860608,546083,-4.029693811506874,0.5833333333333334,72.25,74.07142857142857,0.009216287,-617.9222,32.24298132094032,0.009864605,-145.93086516857147,0.44240902186384,0.008401724,0.79105437,56,8.441761792310478,0.42857142857142855,0.42857142857142855,-0.1412197,-71.584133060121,-33.711122669279575
0.2727272727272727,0.0865674,0.001008302,132,86.45454545454545,-58.81521273509478,-0.099689886,-0.04408342265852909,83.84615384615384,0.0040414333,13.446411,-664.07275,0.0,0.34,0.34,0.63590246,0.3542092,0.24368614,550245,-3.590606204114202,0.3076923076923077,86.23076923076923,76.92307692307692,0.0012606933,-677.51917,28.14754096982263,0.008835966,-128.9546743631363,0.44777485983580234,0.008741225,0.8425611,50,7.625930104216723,0.23076923076923078,0.5384615384615384,-0.098681584,-77.88049819357693,-33.64987485855818
0.4375,0.054977573,0.00028766692,133,72.25,-53.153679688214666,-0.17886621,-0.043724878693833714,66.76923076923077,0.0026808716,23.465149,-616.87964,0.0,0.46551724137931033,0.46551724137931033,0.6468026,0.46256846,0.28992182,554389,-4.091082732439631,0.4666666666666667,70.53333333333333,75.85714285714286,0.0038750418,-640.3448,29.609790839892607,0.0047225473,-119.02904260158539,0.33696751623670684,0.004760182,0.7086069,58,7.504047172870415,0.6153846153846154,0.35714285714285715,-0.17857854,-68.30409920144955,-33.7051096111536
0.46153846153846156,0.0541594,0.0013453066,134,69.76923076923077,-54.61073509265753,-0.15181263,-0.041360840647382095,74.8,0.0026120842,37.102295,-673.9086,0.0,0.5,0.5,0.6867786,0.39045462,0.27112073,558582,-3.858808364373722,0.46153846153846156,78.61538461538461,76.13333333333334,0.005027911,-711.0109,31.036055294965532,0.009799866,-143.83970022201538,0.17882079276083718,0.010198276,0.71151644,56,7.323288069401383,0.5333333333333333,0.5333333333333333,-0.15046732,-70.09350972981858,-33.75785607099533
0.2857142857142857,0.0050873477,0.000494428,135,85.64285714285714,-57.682563060385874,-0.08149798,-0.04478715357464504,64.46153846153847,0.0022951774,-13.483704,-703.2438,0.0,0.37735849056603776,0.37735849056603776,0.6409444,0.40070152,0.25771514,562721,-3.8988692821434228,0.35714285714285715,76.78571428571429,85.58333333333333,0.0042970846,-689.7601,32.59798108176472,0.011635164,-143.91531801223755,0.2629643488490142,0.01151016,0.82507765,53,7.9884851035878235,0.6153846153846154,0.25,-0.081003554,-76.04909378979004,-33.79765170067549
0.3333333333333333,0.08377882,0.0010118037,136,83.08333333333333,-54.764366117974795,-0.13903962,-0.042939231432757435,65.92307692307692,0.00263194,-36.84314,-867.8972,0.0,0.41509433962264153,0.41509433962264153,0.87258524,0.39252833,0.27181616,566843,-3.8377876601013767,0.46153846153846156,71.6923076923077,89.06666666666666,0.0035545276,-831.0541,26.89261268947158,0.0060994546,-127.21974104642868,0.43035135189938223,0.006065907,0.7696954,53,6.852432450873362,0.6153846153846154,0.26666666666666666,-0.13802782,-70.44191171281602,-33.88553240895271
0.375,0.102650754,0.0008158237,137,83.125,-54.438997613915795,-0.13452686,-0.04279582986513865,66.28571428571429,0.0034874305,12.103455,-573.6546,0.0,0.5,0.5,0.57999325,0.4754203,0.30144122,570972,-3.956327093115455,0.6428571428571429,67.35714285714286,77.33333333333333,0.0033867476,-585.75806,33.51090592628733,0.005761938,-176.12811660766602,0.49966394285247484,0.005780278,0.75121397,56,9.42284754177767,0.5714285714285714,0.4166666666666667,-0.13371104,-69.6354936963679,-33.89676368236542
0.36363636363636365,0.083527245,0.0009387359,138,77.9090909090909,-59.86855841891838,-0.1216744,-0.046103743642633435,81.5,0.003287159,-2.5463867,-772.57764,0.0,0.36538461538461536,0.36538461538461536,0.8163443,0.41912672,0.27485836,575108,-3.8563713906519297,0.46153846153846156,72.76923076923077,85.14285714285714,0.0026703055,-770.03125,31.97914979789183,0.011999736,-145.59349393844604,0.5084567440322112,0.012953174,0.872639,52,9.504941368471954,0.42857142857142855,0.21428571428571427,-0.12073567,-79.37336829010971,-33.71498113125563
0.4375,0.06470033,0.0016523451,139,77.5,-52.56763149435553,-0.1384672,-0.04275305518068635,72.07142857142857,0.0040212646,40.056335,-519.84924,0.0,0.5,0.5,0.5018709,0.49998337,0.3228092,579298,-4.2095940000292345,0.5625,63.6875,65.85714285714286,0.0046961065,-559.9056,31.846509051412635,0.0051708,-146.04455649852753,0.3392418541657173,0.0057128742,0.6905809,60,8.200885665274463,0.42857142857142855,0.5714285714285714,-0.13681485,-67.15510632313672,-33.9316536039114
0.46153846153846156,0.047987707,0.0004579425,140,75.3076923076923,-55.784334761620244,-0.13285372,-0.04455707199560949,73.73333333333333,0.0032382496,-1.8203125,-693.80347,0.0,0.4642857142857143,0.4642857142857143,0.7211667,0.46341822,0.29795942,583424,-4.151273148536006,0.46153846153846156,69.15384615384616,76.13333333333334,0.0018383493,-691.98315,32.934081790757325,0.008613306,-163.21912503242493,0.3922877574483685,0.008370891,0.76153845,56,8.052877332767814,0.4666666666666667,0.4666666666666667,-0.13239577,-72.37198093526864,-34.42102213948965
0.07142857142857142,0.06281318,0.00047735125,141,95.0,-58.47336809521582,-0.116098925,-0.042785028206933404,72.5,0.0028039701,-28.489258,-701.75507,0.0,0.3584905660377358,0.3584905660377358,0.6575527,0.4235051,0.28411537,587595,-3.78482968920801,0.5,69.71428571428571,76.53846153846153,0.0044033215,-673.2658,31.654630774144735,0.00926204,-143.42100250720978,0.42564714617597654,0.009058959,0.8031519,53,8.482634934667946,0.5,0.38461538461538464,-0.115621574,-77.23192287672241,-34.029269844293594
0.3333333333333333,0.02154065,0.0005529374,142,79.4,-54.05337842888835,-0.20114289,-0.04396480454057274,66.33333333333333,0.0030704755,27.026611,-608.99,0.0,0.5344827586206896,0.5344827586206896,0.6254731,0.47032845,0.30147514,591710,-4.122852955388993,0.5384615384615384,68.53846153846153,69.2,0.004313801,-636.0166,33.91869175054038,0.005186755,-163.43557691574097,0.46744307465670987,0.0052590845,0.73063964,58,9.49814512454435,0.6666666666666666,0.6,-0.20058995,-69.18534644230687,-33.829350747168064
0.15384615384615385,0.013105661,-0.0003138408,143,89.3076923076923,-54.951719808403354,-0.10748453,-0.043999148486170786,73.71428571428571,0.005242192,-0.39993286,-499.03754,0.0,0.44642857142857145,0.44642857142857145,0.5307003,0.42640117,0.2817486,595829,-4.131802988227506,0.5625,69.0,63.23076923076923,0.0037820241,-498.6376,30.598155139504605,0.0087937275,-141.42855674028397,0.48384094277933964,0.008866084,0.74209195,56,7.6797036219349355,0.5,0.5384615384615384,-0.10779837,-70.96057478704357,-33.75391089171171
0.07142857142857142,0.086803876,0.0005142316,144,95.64285714285714,-59.331227265581454,-0.11537381,-0.04381423473358154,67.5,0.00308761,29.73346,-748.28204,0.0,0.36538461538461536,0.36538461538461536,0.74463236,0.43326017,0.29352862,599954,-3.7820501697212805,0.5,70.91666666666667,80.35714285714286,0.0029733481,-778.0155,34.33235992192188,0.0095162075,-178.17892241477966,0.41920936416545673,0.009338197,0.8019775,52,8.377558712121212,0.5,0.42857142857142855,-0.11485958,-78.94625329283568,-33.8095361366868
0.15384615384615385,0.16947591,0.00052174926,145,90.92307692307692,-59.12802430618508,-0.10245013,-0.043039781379962005,75.35714285714286,0.00425452,-21.51538,-684.4234,0.0,0.35294117647058826,0.35294117647058826,0.67450124,0.4147883,0.29121786,604067,-3.671448502652808,0.5384615384615384,69.53846153846153,88.36363636363636,0.005497655,-662.908,31.503528552477693,0.00482402,-126.0826895236969,0.17790373896225553,0.004897627,0.7992956,51,7.510054818563092,0.42857142857142855,0.2727272727272727,-0.10192838,-78.79560708291098,-33.697256572544575
0.4166666666666667,0.05252296,3.607571e-05,146,82.25,-58.03063529071619,-0.1956169,-0.04278429153616683,69.61538461538461,0.0025564842,-4.6517334,-882.5027,0.0,0.46296296296296297,0.46296296296296297,0.9176789,0.45602912,0.30411613,608246,-3.768185204889278,0.5833333333333334,75.91666666666667,80.94117647058823,0.006152992,-877.85095,33.77735828928724,0.0067950357,-155.16886365413666,0.4893278956453251,0.006715376,0.7843703,54,9.448516765374492,0.5384615384615384,0.35294117647058826,-0.19558083,-75.67661231168097,-34.069252379238605
0.25,0.025233272,6.878376e-05,147,90.66666666666667,-60.483422409468986,-0.110656925,-0.04449405149261865,81.0,0.0027153734,10.499695,-602.4895,0.0,0.32653061224489793,0.32653061224489793,0.5627201,0.36640462,0.25917512,612343,-3.5838154445349204,0.375,82.1875,80.3,0.0042009745,-612.9892,29.50194522997805,0.009368526,-139.01441955566406,0.46245866665688495,0.00926994,0.846382,49,7.2213266757688555,0.2727272727272727,0.4,-0.11058814,-80.38571821122753,-33.76175006479025
0.375,0.06935866,0.0006970167,148,79.25,-57.60324480747099,-0.15243903,-0.042888768478492954,63.5625,0.0022975132,4.1711426,-688.4154,0.0,0.45454545454545453,0.45454545454545453,0.773095,0.45348355,0.301272,616519,-3.9433974959958036,0.4,83.2,81.46153846153847,0.005366497,-692.58655,35.76574255694001,0.006195977,-173.0465371608734,0.3628866263289119,0.00667147,0.76986605,55,8.828813457854405,0.625,0.38461538461538464,-0.15174201,-75.56028409972787,-33.754212856292725
0.36363636363636365,0.0575659,0.00039574504,149,79.54545454545455,-57.50637056795798,-0.12905294,-0.04521914430527702,83.07692307692308,0.004325878,-10.052551,-653.6558,0.0,0.4074074074074074,0.4074074074074074,0.6035475,0.46500483,0.307504,620646,-4.044918036778348,0.4375,73.375,71.28571428571429,0.0020327282,-643.6033,33.13616649278278,0.011477054,-143.53022634983063,0.3585012526632152,0.011112683,0.7862379,54,7.91006680473104,0.3076923076923077,0.5,-0.12865719,-75.81427386817005,-33.70389074832201
